{"accuracy": 0.52, "precision": 0.5641025641025641, "roc_auc": 0.4745484400656814}